Compound,Weight
PFOA,0.0872575825192379
PFOS,0.5247358608668264
PFHxS,0.3457310578636219
PFNA,0.04227549875031375
